timestamp,latitude,longitude,depth_km,magnitude,distance_to_fault_km,geological_layer,p_wave_velocity,s_wave_velocity,density,young_modulus,poisson_ratio,stress_drop,seismic_moment,rupture_length,rupture_width,average_displacement,slip_rate,focal_mechanism_strike,focal_mechanism_dip,focal_mechanism_rake,mechanism_type,crustal_thickness,heat_flow,gravity_anomaly,magnetic_anomaly,topography_elevation,year,month,day_of_year,hour,vp_vs_ratio,energy_magnitude,moment_magnitude,fault_density
1975-08-21 19:38:41.962886,28.579886325865786,76.90211703401434,20.20009856209568,1.0944818298133654,19.464850913604273,Quaternary_Alluvium,2.715259154920204,1.5084773082890022,1.7367002967703709,59456915165.759125,0.30756885271940326,0.9769837166584501,56011062604.369576,0.09332889825529626,0.04353445068220415,0.00045951886892853884,0.00016753489192141823,204.49422091323223,33.74229234411259,105.87889444746158,reverse,37.830800158383795,53.38870860678027,-55.001398181931265,618.4243536770705,297.50394119805463,1975,8,233,19,1.8,3.636228969311297,1.0988492079273087,0.04886426997302175
1975-08-23 19:16:45.962886,28.856510856539515,76.87510303318103,16.561414394165247,1.3290386008432287,42.70664498479074,Quaternary_Alluvium,2.857803258322448,1.5876684768458045,1.9373115841866486,64572513569.618904,0.16290802089640707,1.7518640229720785,135276679709.68352,0.1410675186773971,0.05184675694665089,0.0006165283575763297,0.00012385842051148468,10.67042615462023,61.40232690335472,-25.63513405561136,oblique,31.19713943089237,42.052928218863485,-47.49003518777103,-387.54869689769134,153.3879727277589,1975,8,235,19,1.8,3.807279577725234,1.3541486234704991,0.022879816109151938
1975-08-25 06:11:37.962886,28.751279278338977,77.29484116803204,7.621566522280057,2.4252533376208887,15.398282445881913,Quaternary_Alluvium,2.3785243927889503,1.3038261293898858,2.019813951947948,65170090497.07329,0.22312988923844518,1.9248611894522447,3201092376770.5967,0.3049253913121336,0.19769933794101172,0.001770019894222854,0.0006897921315013276,191.74039727076115,30.61839476507594,90.45892978105799,reverse,35.34935593312205,57.21834906005519,1.8134129001622874,-813.5009613907737,283.1312926174524,1975,8,237,6,1.8242650144632093,4.42103319919242,2.2701988047648065,0.06098199633408127
1975-08-31 16:54:51.962886,28.68737059658126,76.93505442631988,18.154101416911953,2.4281483257826855,27.34828150473329,Quaternary_Alluvium,2.1262526310628274,1.1812514617015708,1.9001645419660358,48735004273.3252,0.18814328080824783,0.5480259736573898,3959358837868.215,0.4394962866556681,0.15805007241189706,0.0019000004327610948,0.0020511766236345503,120.47070400688301,88.13617929673404,152.98522748481858,strike_slip,31.875419997560172,59.977288333243905,-37.04474701815994,276.5555717443791,193.52783557903925,1975,8,243,16,1.7999999999999998,4.462272439152341,2.331749909182598,0.03527550690623101
1975-08-31 22:36:35.962886,28.474822283720076,77.25071928908409,14.550515363254528,3.981688219421244,20.23331773028319,Quaternary_Alluvium,2.664353544592787,1.4801964136626595,1.868767835947628,58253141385.82255,0.23661745646526822,0.794521446852303,1342303427561185.2,2.6245528070120447,1.2868022671958703,0.013248365823646639,0.010601572790545844,303.14258170038204,41.672562232748845,91.7465056913315,reverse,35.07570069356526,54.58310416525673,-12.632531285426538,-632.4966289170144,218.75319415528529,1975,8,243,22,1.8,5.592439978956605,4.018567132771052,0.04709579598923389
1975-09-02 22:53:29.962886,28.474963048995352,77.11222537636237,70.64191397009168,2.8108381031556746,9.285046869208008,Upper_Siwalik,4.857307781937346,2.693045933989001,2.4677565785243285,99987143238.11237,0.29210767185483266,2.2703919176706093,31612181103303.137,0.8298297380590031,0.3343854048595958,0.003797492274754001,0.00039571822858601766,123.16048827509968,76.40439487332837,17.060278696230377,strike_slip,34.36130276315635,48.881822927241515,-97.65077490654346,8.459899583375066,182.69394937074821,1975,9,245,22,1.8036483227534819,4.865268326050819,2.9332363075385346,0.09722853115952831
1975-09-04 02:35:02.962886,28.42782169782622,76.87898837927953,50.975884299720825,3.1752208122471335,17.14378972941662,Upper_Siwalik,4.092216289513885,2.055554287857361,2.3116876969918563,64881156242.394585,0.2644343754575313,0.3741300326098263,52172585861263.7,1.0271148070912697,0.3772905418370042,0.004487724619531165,0.007478080231425581,120.09642449910915,49.78492471376603,114.47535224501526,reverse,34.38371201152039,47.41323203299391,-66.74689545703612,530.8976692268233,225.39041641556176,1975,9,247,2,1.9908091523962963,4.9624575885630255,3.0782949083030227,0.05511527717821237
1975-09-05 10:29:38.962886,28.81582986089783,77.31768153895482,2.6152590076344713,1.2906542352680022,22.567926651088847,Quaternary_Alluvium,2.5598472995872275,1.3112909005514284,1.820079791397856,45481123003.22229,0.22663063119561402,0.7591750306656334,103532339770.12474,0.11427784536333184,0.05354948632131099,0.00056394587142153,0.00012404899844966727,276.61250469267475,76.58355378402243,25.46183770114139,strike_slip,32.15565809464942,47.27084993174987,-40.108787683467135,-314.87158463598814,263.96548987468475,1975,9,248,10,1.9521582118130707,3.7554006262520487,1.2767173526149982,0.04243054617423462
1975-09-06 19:28:45.962886,28.688508400239783,76.96351826681428,13.9164621206181,3.6313394843940165,26.420138992415723,Quaternary_Alluvium,2.199141035632531,1.2936123739014889,1.8068477175925755,77885405622.91519,0.21416190140058916,0.17520421226911237,302325538260649.1,1.8522887525804923,0.6749545565295307,0.008060655433108238,0.0009759735849934219,184.61338347837832,50.74029448467729,79.02451202365324,reverse,31.252436292431394,39.32168979554367,42.8439335714759,957.7273026608725,294.47782033714765,1975,9,249,19,1.7000000000000002,5.303278759527791,3.5869832231758068,0.036469545259292635
1975-09-07 12:30:15.962886,28.739740687141413,77.26991189350439,3.443819838211514,0.9947532524925224,12.63289825089288,Quaternary_Alluvium,2.4912757956276073,1.384042108682004,1.8010733889880308,33249615338.63334,0.21655221690061244,0.34167462139392074,39810717055.34969,0.08462610490633905,0.03823804218423727,0.0004100895902707937,5.478733752937468e-05,119.0872060561351,72.11755235296825,-0.9307786795831099,strike_slip,30.05042957314741,49.370449951288116,-34.17033099359236,-31.336881254478673,161.5564009729416,1975,9,250,12,1.8,3.57,1.0,0.07335197414346618
1975-09-08 19:42:55.962886,28.409821000609988,76.92430838095385,4.5868742103792695,2.777871475397128,12.974310368647027,Quaternary_Alluvium,2.9587991961075106,1.6437773311708392,1.6161730265602612,88179837758.64102,0.26936734239918836,1.4413390981580612,13813377465899.191,0.6305982375171074,0.2533847658662171,0.002881677474951648,0.0009257623616382312,263.4862052775472,51.33372582647236,-91.99058733556083,normal,35.32874675131507,45.414960862228604,-9.041290176232831,-601.8288129559614,286.33108197499706,1975,9,251,19,1.8,4.7046672795339655,2.693533253035769,0.07155988192759874
1975-09-13 13:26:39.962886,28.865706394824024,77.26685400709005,5.489711796185087,3.3435175209606314,25.055008259050187,Quaternary_Alluvium,2.4846836761719824,1.579837064167374,1.714711195611325,91628149376.98096,0.22190353842450808,0.37566310746043696,191121709593283.47,1.3664896637437562,0.6739075625620173,0.006918024341852624,0.0008973243958865661,196.0685954626783,34.423093089675966,109.04662718621498,reverse,29.805027428082035,49.944664883523735,-61.51486411773806,649.0815757219519,210.8482757503155,1975,9,256,13,1.5727467930254517,5.214318476290159,3.4542066810300875,0.03838033709517827
1975-09-15 15:02:28.962886,28.799597742887837,76.8467455965963,34.258892262973575,4.267804834451182,42.594693554301756,Quaternary_Alluvium,2.412426003418372,1.3402366685657623,1.711751863495282,27850084267.746197,0.22697802699383632,9.641466597485522,2549029354764205.0,3.4911950230388253,1.4834597982984108,0.016406037159917813,0.004468508460314812,169.56680760672563,83.24661104608046,27.399724844686176,strike_slip,34.04899559281504,35.1169347791804,-59.29651498719092,63.34791101445854,218.21508363286208,1975,9,258,15,1.8,5.716847427129701,4.2042498912383595,0.02293857161203336
1975-09-16 12:52:10.962886,28.501875476868314,77.0959239580712,13.000728128891657,2.309575015971833,8.668695707505195,Quaternary_Alluvium,2.540495306356102,1.3517292331977626,1.9384351736041379,68991934860.68123,0.1819538754961908,0.818146034059841,3082919208548.2363,0.2980969642514755,0.19721981291493193,0.0017479652446810777,0.0002837759352250271,207.128986209446,76.36274438481642,179.5834669144846,strike_slip,39.002983181982636,39.32220621746583,-54.88806569571309,-128.64181933691341,273.21169071919553,1975,9,259,12,1.879440973800719,4.413736424180682,2.259308095792062,0.10342656654545074
1975-09-19 20:30:30.962886,28.48746281229459,77.22482714122346,11.801098366791187,2.021763536327598,18.26961792157541,Quaternary_Alluvium,2.9294359062363564,1.6274643923535312,1.6687503648374984,41577472327.67274,0.2597693110625497,0.5251838699984113,1379760344045.4177,0.2819149089060995,0.12201626548589853,0.0013370468694852687,0.0020491952646149794,301.2243057189579,71.46260479490921,184.53742503523188,strike_slip,31.441333215466873,52.78505984384387,-13.44267814330603,691.3587163443771,171.46192785343007,1975,9,262,20,1.8,4.257778967530158,2.026535772433072,0.05189516492075022
1975-09-23 08:49:30.962886,28.487833761424092,77.30751472050133,46.5509376644559,4.510233042339525,21.571504330351114,Quaternary_Alluvium,2.3371249710693394,1.357513489698052,1.7090838438936027,24506373650.44617,0.1919741419702215,0.6566645199072391,1.5684826736385514e+16,6.739589368266274,2.580396122070787,0.03006343866419451,0.0037514048658652283,292.65628496405753,59.90853275887232,107.29545859074753,reverse,38.5460467091266,70.88329310332874,-49.92003728725087,-94.51404555577304,209.31783801809505,1975,9,266,8,1.7216219130088937,6.069314277431855,4.730319817062471,0.04430364876723502
1975-09-26 04:38:08.962886,28.545928189523778,77.29447456188858,2.2549137344366432,4.619239698289059,15.602438076050133,Quaternary_Alluvium,2.703621913105713,1.5020121739476182,1.728999290195632,52294947999.89201,0.28159813771828357,0.588532840656703,1.1361523400005016e+16,6.486271377429981,2.162532268010357,0.026999616842839722,0.0035706272371108998,196.64500552111807,74.50784065247359,-20.871707741868498,strike_slip,35.22998805000904,64.97844773627145,25.291054575629374,-382.2989352777071,226.95065905294877,1975,9,269,4,1.8,6.006761666717528,4.636957711518698,0.06023211744078426
1975-09-28 03:02:22.962886,28.652012338348182,77.24976411422331,58.79592791044822,4.094853953242795,5.5331297496139875,Upper_Siwalik,3.9120258944881345,2.5774791663845775,2.4151620606814164,43693018420.860054,0.329434099919372,1.7408602123753996,1928380360395678.8,3.029742086970935,1.4192409709508087,0.014948914060784966,0.002993206578050599,144.66956604806748,86.7607120369635,204.0728015852602,strike_slip,35.83477909588713,51.80964149413523,-28.80998415884455,-560.6967491207585,173.45750518376468,1975,9,271,3,1.5177720718400691,5.662719405891937,4.1234617998387115,0.15306599414455
1975-09-30 05:51:24.962886,28.607313690578785,77.28406617250099,57.85660549540349,4.360999319774166,10.467307916313496,Upper_Siwalik,4.0525063569173545,2.3063943976463026,2.3988937881289263,77156337239.73679,0.2632946685685538,0.10936915959420297,2918359792547743.0,3.241403305728322,1.7486094379676345,0.01716294021561253,0.0026970999370892284,87.29520951031871,66.90870591572842,-108.92194410420696,normal,33.834807584880906,61.13693057114719,20.16287976311208,-192.5508118403317,298.68665341665155,1975,9,273,5,1.7570743152398287,5.743095345511405,4.243425888822991,0.08720442559821656
1975-10-02 22:52:24.962886,28.539764903532127,76.93959188026153,24.46618741463041,1.366534798209604,13.383130832580484,Quaternary_Alluvium,2.6706249402805207,1.5940339087414552,1.7495512482016287,40875168213.91239,0.33432582147954437,7.24523083043153,191589472342.2152,0.14126160484888942,0.0652965584365192,0.0006923663606460846,0.00013178172964573137,110.3598247053455,37.41367963263834,84.8806111196953,reverse,36.42324689900067,54.33738925110299,-35.513429792186955,616.5111151709634,283.04960403849554,1975,10,275,22,1.675387785438687,3.8747926664619983,1.4549144275552213,0.06952589193827069
1975-10-11 10:46:49.962886,28.6937215348832,76.9820058787359,14.280902937428259,3.1648480375642976,24.669133755775164,Quaternary_Alluvium,2.578050798628686,1.4360053877915457,1.7917421238468492,34139345711.6595,0.2446469824775618,0.7466010836121574,47249647673645.86,0.9085803375639434,0.39924153395189266,0.0043418845364616545,0.0009378964178138939,236.01023565723938,50.558259821981245,-75.93136461869632,normal,36.656541351699175,60.46342513940047,34.43814167746675,332.78736848418725,312.7401132828313,1975,10,284,10,1.7952932632053067,4.943231363256367,3.049599049636369,0.038957294372078885
1975-10-11 19:02:45.962886,28.46699426524636,76.98464642414528,11.27052102347419,1.9389815819661311,5.110923796034408,Quaternary_Alluvium,2.3319914576928222,1.1898175274512917,1.7599097262023773,25815138656.096703,0.24157981941529627,0.210359249245284,1310255772089.654,0.29148659650597536,0.11401241153684033,0.001314207997753089,0.0002582141712932827,97.24097051205666,89.00947718301948,183.29981441861526,strike_slip,38.2803682792353,51.50121614630112,-53.144187765408724,442.6452577119208,263.54310444647734,1975,10,284,19,1.9599572235989677,4.24775238310704,2.011570721055282,0.16364137949959956
1975-10-16 16:24:59.962886,28.54007910327257,77.02849860923722,3.401964583473493,2.772007986989319,8.906967762734643,Quaternary_Alluvium,2.0858954938798187,1.116997239640686,1.8413348778550254,48282304551.024315,0.28637572520521104,0.23374039215840564,14224020552583.979,0.5812377110485027,0.280324547814549,0.002909954526211112,0.0004136668202064971,85.65720541970322,56.289361487486474,100.73074412874757,reverse,36.79160111189428,35.516458933783255,-44.278277581617196,-889.9115876617169,230.7176104138498,1975,10,289,16,1.8674132932958782,4.710349992445994,2.7020149140984984,0.10093905864532335
1975-10-18 08:43:06.962886,28.575913472146464,77.03652430196459,4.136951087875181,3.7175570055397067,12.880992282131002,Quaternary_Alluvium,2.089638466916371,1.075571809085573,1.7301097117975697,89138893594.49448,0.3034165774458581,2.3014366682244036,308236772242215.7,1.6637404311549648,0.7612092577101587,0.008112852149350008,0.0010470463601517464,96.16998437764572,71.48631827671835,-10.137566596771062,strike_slip,32.00248447146202,41.7926087581366,2.8047859052380346,255.700031793484,183.7978397872082,1975,10,291,8,1.9428163226897277,5.307035053544784,3.5925896321563933,0.07204095929707416
1975-10-18 12:15:35.962886,28.61896634110136,77.1123579146532,57.65895977792251,2.984992025730447,10.330500673735528,Upper_Siwalik,3.8230052502618177,1.9713358724440075,2.2623981761870526,52067237631.38274,0.1535017508755702,0.7501514220438785,31880349041182.492,0.7478967582934092,0.37311301140691666,0.0038082001676585037,0.0024711800825040126,38.56054084048545,67.80633380768674,-77.15930740339596,normal,32.648909313647046,42.61348068379692,-24.43628197832286,-240.3391618290159,252.78763533267937,1975,10,291,12,1.9392967498339904,4.866906970200063,2.9356820450747216,0.08825735320929222
1975-10-19 02:59:15.962886,28.776935586361716,76.91994478755268,4.906223507419391,2.9438591084597494,34.12836413016073,Quaternary_Alluvium,2.635956464839965,1.464420258244425,1.8918221661051404,60070010004.34897,0.18212345863987045,5.939788893608075,31156304899405.27,0.7827673440996152,0.35107340459094744,0.0037791493936520436,0.0007848865599574694,91.74996410490881,74.69515965724898,-83.27259540835529,oblique,36.526833232101644,57.330503785655424,-71.87078522032408,549.3122930767998,268.2085015887818,1975,10,292,2,1.8,4.862450522210382,2.9290306301647497,0.02846702443343821
1975-10-24 09:43:55.962886,28.49584137765551,77.18561041299343,6.849115964793061,2.282408791494437,17.185632543283422,Quaternary_Alluvium,2.3797307912295795,1.322072661794211,1.7200650053863158,32559652475.196785,0.27098687772261143,0.772664653133899,3686675964551.927,0.39223476407608404,0.16886665295386297,0.0018553409683191979,0.0016174030534806731,294.2064873039501,71.63944348285538,-83.02470474970727,normal,35.59949028764254,20.0,-43.22151290071419,75.63393255152155,305.15383933132233,1975,10,297,9,1.7999999999999998,4.448430285506339,2.3110899783676695,0.0549884639767086
1975-10-28 06:52:25.962886,28.646913393027987,76.92362772166857,4.473249572568048,1.5418436541880987,23.85554718411754,Quaternary_Alluvium,2.9115954702721343,1.6175530390400745,1.7592717849944273,22308509321.078453,0.2524900077666923,2.037863607815989,197474980869.14606,0.14341655611287749,0.06562592393124353,0.0006993846647845878,0.0011894749355228116,163.5886142257202,53.44584656173966,62.01085844072154,reverse,33.73673431108174,51.543209927013734,13.492740258829556,77.07444639285606,139.4437117180353,1975,10,301,6,1.8,3.880662062589596,1.4636747202829796,0.04023246773014076
1975-10-29 14:24:46.962886,28.684455774015536,76.99524083460038,2.464958703086862,1.7063034139111406,23.055511072015996,Quaternary_Alluvium,2.612394397765704,1.4513302209809467,1.6981530597837957,99959688992.1502,0.20658870162004206,0.23673521511423212,440833218757.8756,0.1878713141212413,0.085570171464694,0.0009140504840683657,0.00010716470365367407,127.73641681559745,83.9099815809064,180.62038558504835,strike_slip,40.05745095913095,64.81478770864456,10.290901607605083,-38.02866446343325,211.840532261954,1975,10,302,14,1.8,4.036442526523173,1.6961828754077193,0.04157051567128455
1975-11-01 22:40:26.962886,28.422360968397793,77.09162001144519,2.9488661421630304,2.6330618219986515,8.02360487427739,Quaternary_Alluvium,2.1296783026714765,1.1831546125952648,1.836272956656597,39477214622.75852,0.27577351905900926,0.2794572987386594,13293641620606.945,0.5694230377722904,0.2735232683001051,0.002845072912439091,0.0006021842885604222,266.0061281306652,49.637726998311706,-83.53750995755391,normal,32.717954780342296,37.54236255889334,-12.970580341653383,-843.870704062182,207.94325278060484,1975,11,305,22,1.7999999999999998,4.697227638404897,2.682429311052085,0.11082045523187649
1975-11-10 12:59:12.962886,28.691633217172186,77.23833346321625,34.897736163536074,3.0293730847090017,6.2723756900980545,Quaternary_Alluvium,2.0534366082904145,1.078518150464773,1.7369307674322425,97159881989.11526,0.19379569019684761,1.4986935285333667,35662705907140.29,0.8757262043047145,0.3433796203934451,0.003953212646347751,0.011101906952666545,146.50957095408256,65.60765722972445,-101.80791171694304,normal,41.420926339509684,54.27973537420044,-24.54037203947842,569.593156675386,197.6389435268075,1975,11,314,12,1.9039425598961996,4.888655717171575,2.9681428614501124,0.1375066474304378
1975-11-11 23:34:39.962886,28.48191553785795,77.2098502911243,9.794677591324346,2.7803535133522885,18.69572644821159,Quaternary_Alluvium,1.927260668893973,1.0707003716077628,1.9106774625260268,58044699050.01092,0.1928001803423448,3.5206048704829773,28516988694782.645,0.7162944649627738,0.36166863500337876,0.0036692725035826937,0.003980804037234788,227.39046837300478,32.713610009710514,118.2811605051633,reverse,37.20983229262065,46.202408343239675,-21.233321964920897,-19.18596714716432,194.49403074795052,1975,11,315,23,1.8,4.845279636343639,2.9034024423039377,0.05077243546357245
1975-11-12 16:36:12.962886,28.431122697694903,77.16258936605048,4.262883141817898,2.3997248482814677,15.079315388150333,Quaternary_Alluvium,2.6450284691942385,1.469460260663466,1.880250115369337,49187252301.40187,0.34654299841342506,1.4179316396000177,3138557651639.336,0.4196592275383855,0.14177183593119774,0.0017584179786010138,0.0002524602646430818,262.0714760684597,54.49864572878209,63.19039720058925,reverse,35.47594235363684,58.283318063843524,-9.577685669146929,-352.7118570012256,224.9357526160502,1975,11,316,16,1.7999999999999998,4.41720611604233,2.2644867403616864,0.062191702560729104
1975-11-14 19:35:58.962886,28.855637230492523,76.91800874095195,14.413100725830272,1.4146946165459,38.73945216800662,Quaternary_Alluvium,2.746420090856833,1.5257889393649071,1.764004649659801,86897531020.42561,0.2434461905501628,0.4397655455103828,99518311110.18404,0.11814348192478276,0.05044973606793677,0.0005565613934248114,0.0004158938092107866,144.41756660910752,39.97815447696126,108.24846134487876,reverse,32.057675239545055,45.75892820774853,-16.278727292582936,102.92758492388671,100.0,1975,11,318,19,1.8,3.7477300053946925,1.2652686647681979,0.02516391005523419
1975-11-18 22:50:50.962886,28.86372418118351,77.11349783254286,66.94615168670785,2.6964234518360697,25.569066151207206,Upper_Siwalik,3.8613244162059734,2.271367303650573,2.3563404504904057,93474879013.3695,0.29392531490322826,0.1247803573573242,10942525468747.75,0.6198240175860787,0.22070388432196666,0.0026663547718837567,0.00034426440698829267,111.7563311457844,73.74500723411398,153.01421395546566,strike_slip,35.66664322404393,41.536070113128496,51.21407511828086,833.1396217652468,277.24694508614266,1975,11,322,22,1.6999999999999997,4.659472512861358,2.626078377405012,0.03763775491050006
1975-11-20 13:13:44.962886,28.788031164666066,76.88358010241711,2.7741067070301835,1.3841205456962988,38.30440386635421,Quaternary_Alluvium,2.7762954486671982,1.5423863603706656,1.9045259340637417,92800825684.82846,0.24251625698027357,0.15043291625523486,232970172607.38925,0.16830395404632464,0.06243659755924063,0.0007390018389362865,8.166760965927337e-05,196.720776493654,81.91588279945877,203.40605160195048,strike_slip,36.136388678469956,50.27214484015114,-27.271199843722172,229.23993023884174,207.21040113864126,1975,11,324,13,1.8,3.9127274769142932,1.5115335476332739,0.025442441600190026
1975-11-22 20:01:57.962886,28.54633151394728,77.02869642998509,64.46947578649002,3.7226302521062893,9.570940515088896,Upper_Siwalik,3.907992774169771,2.298819278923395,2.284544118011226,61879870743.08338,0.17446269681674903,0.38605301883394594,527259673564641.9,1.8492773891963918,0.9795222630635474,0.009702573263563217,0.05182744572785869,69.66621194623109,69.25343760477357,-72.36237924552468,normal,35.276186886639685,29.119158849556257,-20.199935011707844,-98.39091669136802,143.39087919592723,1975,11,326,20,1.6999999999999997,5.411170968538279,3.748016370952655,0.09459896199137684
1975-11-24 02:43:15.962886,28.446885826000788,77.04674344036131,25.054821987437396,2.1338708184413777,2.3622543365231254,Quaternary_Alluvium,2.5904705585759094,1.4391503103199497,1.8671600215223434,95307228098.65369,0.24915848465980786,0.5118492774096551,2470379915640.1304,0.32801478313854987,0.15462596204666715,0.0016235537129927985,0.0013155086446570716,76.47063912883442,48.55345410758668,93.75581317471938,reverse,34.01494423428222,35.9055705331112,-22.52577173115143,-263.4289038362945,244.05975495687662,1975,11,328,2,1.8,4.370767807362176,2.1951758318838452,0.2974194989169351
1975-11-26 11:27:10.962886,28.728361167882984,76.85976423562607,5.106635976061875,1.633323004980481,35.27420791755081,Quaternary_Alluvium,2.6700359171764614,1.4673188151088998,1.6853932057891672,70543649664.38187,0.327511060189271,1.9613063572602538,425597828669.4331,0.20664876632001875,0.07599180941668081,0.0009033967970920305,0.00018334288061811667,258.4695984267704,87.92453547556704,16.390738695519303,strike_slip,33.46925063081441,40.33807256278791,-0.22209172865876425,-346.49595530055376,216.21283469462952,1975,11,330,11,1.8196699242749774,4.029619733604951,1.685999602395449,0.027567796994298056
1975-11-27 08:59:26.962886,28.611300127330633,76.97701732341578,9.13817754640648,1.2374999213106725,17.792303150732685,Quaternary_Alluvium,2.0679705767980474,1.105109815296419,1.6688245939504016,85761388004.10425,0.15283264109830244,0.6409674169595334,129876803263.74002,0.1313979653712391,0.05417086285232181,0.0006082133411072527,6.087395232144514e-05,77.70308490865968,39.8225987858838,61.310673274940655,reverse,37.940964040075116,66.31589112731753,2.814997301115614,121.50456484116864,143.8610541322878,1975,11,331,8,1.8712806167985798,3.7993774437713768,1.342354393688622,0.053213275242476675
1975-11-30 20:50:27.962886,28.45873652299894,77.31793052930747,35.14122931806259,1.5973352771293,24.95030012836696,Quaternary_Alluvium,2.4482027694135664,1.3601126496742035,1.8048699572931872,59220008293.65083,0.15126523071123002,0.922641088291672,253235035060.06104,0.15914054770908928,0.06980743463326822,0.0007598362496089734,0.0001116149099733618,349.23590078634163,89.65384854104,1.6157586402493287,strike_slip,32.85670065113905,48.97433973855752,-49.83954289913619,-468.3837162915052,218.6115634829324,1975,11,334,20,1.8,3.928907292925427,1.5356825267543688,0.03853519978780028
1975-12-01 15:50:09.962886,28.637810868151032,77.31680144919024,16.722289291517342,3.7409525057791915,13.038465651738425,Quaternary_Alluvium,2.681705863338758,1.4898365907437543,1.7835303952542074,72466178714.14742,0.2366021291180799,0.36849470698240144,419616033154212.25,1.7331888352664544,0.897543486954422,0.008991443850614282,0.0025395011791907304,123.80515220991228,56.15024326750701,90.31347301937971,reverse,31.678400606423004,38.895076737279666,-61.19972839282464,145.9306565073269,217.21128311600935,1975,12,335,15,1.8,5.366873926316626,3.6819013825621276,0.07123285584106316
1975-12-05 12:08:46.962886,28.416574193122237,77.01614712882821,32.49350964382112,2.1518471408086794,5.066190521371399,Quaternary_Alluvium,2.3336067675861973,1.296448204214554,1.7434612790879884,44692198138.79306,0.31906723701173345,0.9672183930968807,3236266974474.729,0.40801430905571695,0.1488289782362889,0.0017764794679444758,0.0002135963388542908,143.41319309775906,35.01415085334769,114.98075121569798,reverse,37.14566980424526,57.18257922619726,-31.190111757832213,-607.0322615362895,107.03619142822325,1975,12,339,12,1.8,4.42315313913973,2.273362894238404,0.16484810301901423
1975-12-06 18:41:52.962886,28.83647921282492,76.86144529322318,2.919714790630097,2.3951595630161924,42.892680998170086,Quaternary_Alluvium,2.061582980819274,1.1453238782329298,1.8666975746905359,84150396156.40007,0.16392156674463185,1.7289580748230375,8112799029359.578,0.4172473853330664,0.2685675400761267,0.002413250016674365,0.00030913240617048526,92.51696295281131,76.13283395346372,-1.9742421610570418,strike_slip,30.90392225793091,39.981251987254524,-66.3422622596281,337.8438982952805,276.75512573931496,1975,12,340,18,1.8,4.601429587260641,2.539447145165135,0.022782841632337077
1975-12-12 12:17:58.962886,28.52426382696999,76.9295906883317,20.66902316274977,4.386992375481782,13.233787985656313,Quaternary_Alluvium,2.4724105563219854,1.2998293989063097,1.9077679720501177,85384057349.71577,0.15282470893815148,1.811453816647922,5979921907767889.0,5.202969662761912,1.7574340966334974,0.021799368665651766,0.01018073501777896,286.41918930369786,46.02742863230947,73.2882126683347,reverse,36.560811052258465,34.88012220657663,-64.78510585411651,809.4062665248706,100.0,1975,12,346,12,1.9021038902507499,5.882257328935621,4.451130341694957,0.07025536708905043
1975-12-14 20:12:21.962886,28.717872347055376,77.03619058249483,10.502515516861544,1.9423700052728843,19.696088651329053,Quaternary_Alluvium,2.1377204365044467,1.2841065045388536,1.7957726185330183,29202268613.281372,0.21687923552423893,0.8993337597779215,1586683596596.7053,0.23918507917873993,0.15785541000874728,0.0014007980309292656,0.00026675895921768187,19.987414311822455,46.144056776983,80.16529177425127,reverse,37.912882969217904,46.42701028853801,8.41094962999135,390.0018312130834,274.16465745054774,1975,12,348,20,1.6647532186375318,4.2848856816052585,2.0669935546347142,0.04831830868369335
1975-12-18 22:58:04.962886,28.549476813481768,77.31388147025791,45.25521578032794,2.7570229371666346,16.851093414174212,Quaternary_Alluvium,1.8950357277329464,1.1147268986664391,1.7980654895789774,40192328762.597984,0.34111597562567403,0.9593214811294425,16845431310338.975,0.5253807128128992,0.3471474381850987,0.0030787384127553795,0.0005580901535752632,102.35681701579531,32.764885250949334,113.63773352972409,reverse,30.996214017835303,54.51944316456344,20.534365225694167,965.9656972109772,169.81371010784133,1975,12,352,22,1.6999999999999997,4.743162020359513,2.750988090088825,0.05601897748212864
1975-12-20 21:27:45.962886,28.64944772532324,76.91058878756452,54.32897295716481,1.9267863211490754,24.874159831206278,Upper_Siwalik,3.9919403576014254,2.1666742660142777,2.236757897097065,21779363923.91772,0.23737458319606086,3.864983680511552,680018077989.7231,0.18215941380925404,0.11782262263578763,0.0010561336936824725,0.00013179484809417414,138.19666779000286,48.547062868363554,-85.95013627211387,normal,35.51329981188952,45.57900803916488,-1.5171107413728109,478.2222520370023,248.20698129929647,1975,12,354,21,1.842427549086476,4.120525804748755,1.8216803055951574,0.03864859792641155
1975-12-23 20:29:34.962886,28.662403093893758,77.22181504422227,11.692497199507775,4.2928200400926775,2.7809582242170166,Quaternary_Alluvium,1.8979358491383453,1.1679434971195406,1.7909741551783624,91623108505.15242,0.3448763937187719,4.361181237546129,3260219958008850.5,4.270840338665656,1.4288432859250486,0.017808515249657767,0.0019182846221062113,322.4719363516141,39.89800886392139,67.08228451835721,reverse,41.11809006483818,36.916062559961624,45.39530703634247,-7.634252052800721,261.24150491882835,1975,12,357,20,1.6250236880629587,5.76458361609355,4.275497934467985,0.26448321845901535
1975-12-25 01:42:41.962886,28.488654114545255,76.89441098060534,15.440756317004377,3.581294563939653,15.392107076968262,Quaternary_Alluvium,2.473503808916562,1.5000802309633712,1.8425668601196084,32595176362.672886,0.16291171803466045,0.5399745639306806,263977459943601.84,1.8196734036878315,0.6276503609999108,0.007704320843119902,0.007061801575507239,288.78914434207354,81.51906141297663,172.16733372927604,strike_slip,40.2619403752389,62.686612395791926,-19.49032158847896,-401.65362437955287,256.78410796462924,1975,12,359,1,1.6489143432868558,5.27696652439373,3.547711230438403,0.06100496997149625
1976-01-03 11:57:08.962886,28.86543669105415,77.33075456145018,21.01199995411501,1.7043590311628039,27.962596037406172,Quaternary_Alluvium,2.2560222037784476,1.2533456687658042,1.9457870567951476,97484695322.1873,0.25031899999159507,0.2159881037809642,381444032414.0228,0.1919662566007345,0.07604353902258827,0.0008710084204734909,0.0033029503020718613,25.81190979231679,70.50417388893686,-70.24065660024856,normal,34.5980645779736,70.87441228777458,-55.27579311761734,490.0458100989781,279.16879029165295,1976,1,3,11,1.8,4.0083724351076855,1.6542872165786353,0.03452729163879047
1976-01-06 03:02:29.962886,28.77204888433147,77.03073545620364,2.3058547172270254,3.6825741090431463,23.157645849209253,Quaternary_Alluvium,2.295019990834652,1.4343364394445621,1.7629888396577482,50174415021.93652,0.216607452810948,8.509217625289644,630816511144716.2,2.3293884298034677,0.8763820102964425,0.010300218304851411,0.0036384751208932064,344.66957514655263,53.2631888918002,68.95048286725533,reverse,39.789393574400556,42.779798496199774,-34.711977576872634,710.198215549262,295.67224876945755,1976,1,6,3,1.6000569515778211,5.445956696620292,3.7999353680899874,0.04139476198309831
1976-01-07 14:16:31.962886,28.85080075157546,77.22779643541003,2.744749756659912,2.2124083959974725,22.5161607976875,Quaternary_Alluvium,2.6733583642288865,1.4851990912382702,1.9831928089933373,66461088265.37512,0.24897892147474937,0.5104183299176877,1336140069804.4133,0.2572138354267189,0.13090020705065158,0.0013228057520786897,0.004367625111432683,220.18858344326566,35.032618675966084,106.28172498327754,reverse,34.00959189413794,28.838594381573465,-4.194519328780901,278.1286956047541,220.06929274215005,1976,1,7,14,1.8,4.2515472214607595,2.0172346588966557,0.04252394804590452
1976-01-09 06:48:53.962886,28.829291851859743,77.01130284438628,5.873418111145932,4.262037455678386,28.91028444975644,Quaternary_Alluvium,2.759972087146996,1.5333178261927756,1.8971521765102302,50257537351.9557,0.20055035449224098,6.6574923845830805,4672733026681852.0,3.564982303834667,2.175988524407565,0.020078706654452178,0.004726834596769298,165.065474112338,74.70501893943447,11.878396120508626,oblique,33.48773951260948,62.25562186110096,-20.72666144618252,-266.18680833519596,242.01623327853653,1976,1,9,6,1.8,5.834408365984968,4.379713979082042,0.033433316278880895
1976-01-10 10:58:53.962886,28.686996927633096,77.153739541117,1.8490435213544205,2.4208389139297246,6.566535569035398,Quaternary_Alluvium,2.3217629170103304,1.2898682872279614,1.9513541435602297,80870594722.49428,0.29318760497680885,2.8372845092154533,10400518964620.66,0.45833308703804426,0.2885285523610826,0.0026215838242841316,0.0004323536324708416,281.86886579661217,71.88130098074659,-29.277004656787927,strike_slip,36.70708443794438,58.39947301332488,-41.90785082653991,576.2169441179547,327.5730849903913,1976,1,10,10,1.7999999999999998,4.649617904576409,2.611370006830461,0.13216088008524127
1976-01-11 09:33:10.962886,28.8424602001497,76.93598777189604,47.21025675995209,4.08245974022494,36.266243418848404,Quaternary_Alluvium,2.5777598210103188,1.432088789450177,1.9125224574070137,34871988193.34635,0.27085741804926633,5.503157297266414,2041951748172021.5,3.0971446547145476,1.4423439161398988,0.01523680479795598,0.001671313442976222,29.526445601646408,70.8434418390121,-1.877502025021009,strike_slip,34.965015053947695,49.78940188932631,9.136552395775244,-503.83653239388025,209.97730433235327,1976,1,11,9,1.8,5.673820312338837,4.140030316923636,0.026833936245213897
1976-01-12 03:53:15.962886,28.442401796343244,76.91322109667492,3.123685966503721,5.447721523352256,13.130702939264287,Quaternary_Alluvium,2.6060670344971406,1.447815019165078,1.8096898118527833,60961059661.5036,0.2707891260259301,0.45171877262190885,1.758826057408951e+17,15.647708220526038,5.5679824122874475,0.06729038952785286,0.010266071445825465,252.05528834516664,82.71821721933406,187.35836116215668,strike_slip,30.898809214999098,53.05573952961034,-45.77509582445659,212.70528597820822,285.11328164709863,1976,1,12,3,1.8,6.538199558054627,5.430148594111383,0.07076788779002277
1976-01-14 07:46:24.962886,28.494189796648936,77.3091638573717,1.3531406333527094,2.182962305797645,21.119658185241693,Quaternary_Alluvium,2.6683264364383463,1.4824035757990812,1.7189944366966454,65123896835.88853,0.22266728623750323,0.25408980246379953,2114481361407.185,0.33076287072454524,0.13823536226092137,0.0015415112517053497,0.00018505964610967548,60.04377061948853,51.00259237692789,110.20849859294259,reverse,34.36104526564552,36.77768513484736,-37.7982309765997,26.298319600167993,179.9666252840023,1976,1,14,7,1.8,4.340591058051368,2.1501359075393545,0.045208655198261755
1976-01-16 17:56:04.962886,28.421533709680247,77.29873339910205,5.960624860951257,2.0602940036009696,27.612652188372966,Quaternary_Alluvium,2.14974792664994,1.2645576039117294,1.7882933322499583,26298698548.45395,0.33852431622917845,0.4149864566578792,615177330525.123,0.2414508634797803,0.08314537937851232,0.0010214384132545022,0.0006110736738347844,352.8154558135697,85.06858424424841,201.13372001852895,strike_slip,35.422230689930785,46.824993111127,-3.186372411505779,-539.6862563203273,140.56248251359867,1976,1,16,17,1.7,4.10108681103035,1.7926668821348504,0.03494957382546872
1976-01-21 23:41:28.962886,28.556064683330316,77.28381076048585,11.76416933630809,2.8538907888271017,13.960286724272006,Quaternary_Alluvium,2.7933059960869935,1.5518366644927741,1.9853543011991852,55402782250.357666,0.34685626605193776,0.13159654109489483,26978141236083.98,0.7806169205991397,0.319818357494857,0.003602047370573728,0.0015676246455155224,189.83923370314545,53.392223153625565,74.80360819011278,reverse,40.88799229372742,50.38054376434851,-23.8187062922327,209.44660457537847,295.3078307076484,1976,1,21,23,1.8,4.83451870403548,2.8873413493066864,0.06684363865684277
1976-01-22 19:58:01.962886,28.586563848026266,77.15264423086835,12.695150429666338,4.109608912715044,8.782123829484762,Quaternary_Alluvium,2.049927582495202,1.2529878789804483,1.8194946225361202,59837967069.17161,0.3092554021916901,2.1275926403365957,1303653236114071.5,2.931556204859667,1.1298214949803873,0.013119967955074337,0.0013874969160935972,94.7792972459651,48.02624676285784,72.00492842388506,reverse,33.92846739785559,45.981077749412364,20.502817700357085,297.54134631166943,155.1019171767299,1976,1,22,19,1.6360314548000423,5.586772398881517,4.010108058032115,0.1022272890255031
1976-01-28 04:01:02.962886,28.530406702420596,77.24419788257683,1.9246819708015017,3.0954469884371845,14.166519143226541,Quaternary_Alluvium,2.361382158766508,1.3118789770925043,1.8293372844569231,93054765012.64908,0.3037336200783275,9.281550067353505,47111177925337.43,0.895427552487169,0.4043140702169453,0.0043376389462275915,0.0008731149079293871,343.99103145943485,30.12339484767292,106.5657608303429,reverse,43.372245028696184,43.437656061469596,-1.464337587303394,-386.20862616655523,183.45122782669813,1976,1,28,4,1.8,4.942662036842808,3.04874930872061,0.06593470726911033
1976-01-29 00:11:45.962886,28.79770184930048,76.87448203257065,9.947384377099127,1.763180226109243,39.67862569522469,Quaternary_Alluvium,3.152786248550646,1.75154791586147,1.8436123088769791,90635767992.4261,0.20559738324023635,0.22949953168648185,346443180393.23615,0.1901406549329406,0.07200229826851615,0.0008435084111248703,0.00016637289942074272,14.851857730664385,48.57729661148336,74.38508497832102,reverse,32.74509118694214,50.523771930093446,-28.549085263645647,220.97219190418912,197.70852595122324,1976,1,29,0,1.8,3.9897023008490367,1.6264213445508002,0.024582934720859834
1976-02-01 13:43:45.962886,28.57118704839186,77.007417256488,11.612827951396515,4.085206637756464,12.600187157825212,Quaternary_Alluvium,2.9745643374274757,1.6525357430152643,1.7881084348523408,94687533752.96642,0.21841469135096028,1.810284948684113,1771839558421415.2,2.4838688003327167,1.6361418122701556,0.014532942094722848,0.009012349529990428,217.10457459100965,84.30789493231532,158.7899359870686,strike_slip,31.044032272346396,46.902685298731264,17.117874979134754,444.8416571671323,199.65659439927936,1976,2,32,13,1.8,5.646296229139906,4.098949595731202,0.0735283998959253
1976-02-03 16:13:19.962886,28.534803080871885,76.99683853806809,3.0434705821691366,1.385841781991223,9.086505388999905,Quaternary_Alluvium,2.121905250148794,1.1788362500826632,1.705216206204181,84899893006.92953,0.21224487991703678,0.2369018706303189,345505323287.02313,0.18629339941221232,0.07335657191042248,0.0008427465687487552,0.00014553393206227322,174.7968731922296,33.94600266942135,103.47588066259036,reverse,37.4985162073615,34.438445936852375,-28.21284679608716,-232.02620952991404,234.13288945782975,1976,2,34,16,1.8000000000000003,3.9891764518936954,1.625636495363724,0.09914236511394477
1976-02-03 18:04:17.962886,28.66056279632877,77.15788861427917,22.347876072568734,2.5495272054840137,4.824421234430197,Quaternary_Alluvium,2.084847234734341,1.1582484637413006,1.641223520494846,56894659116.19664,0.287369233680167,0.8207787029184088,4166248416944.1206,0.33522299656531185,0.21436948791132643,0.0019325339514410691,0.0008555994946574617,126.52567659111945,40.64163410668901,64.86041355115931,reverse,35.03265731170441,63.59403566969474,-34.65525013317454,97.39005214340642,151.40298328750293,1976,2,34,18,1.8,4.472152838869918,2.3464967744327128,0.17169087875867378
1976-02-04 05:15:26.962886,28.467468774077734,77.01797340314776,41.3487397131575,1.6712310557973322,1.5812424847653936,Quaternary_Alluvium,2.3074232309357865,1.2819017949643259,1.829128432807108,39099323479.38742,0.3163501729496352,0.3707796528335402,341382877494.1992,0.1569187701366429,0.08639453288042825,0.0008393813654900728,0.0018237243914251966,266.36640840782775,45.24624525112668,66.82697984282896,reverse,31.746955906932673,39.54784137603643,13.341333114946679,-1152.6514521707272,278.4058441742833,1976,2,35,5,1.7999999999999998,3.986847974839737,1.62216115647722,0.38741032890247384
1976-02-06 00:05:28.962886,28.78514013682703,76.91436058400406,46.908126326176955,3.1189421343810775,35.082121386035354,Quaternary_Alluvium,2.4201638608305025,1.344535478239168,1.8163997495766826,29645452934.672115,0.19010163709684968,6.13715826026117,68100779710639.32,1.1783047221118315,0.3928050881699462,0.0049045154472610415,0.0009235282059645341,223.07349964743534,85.9486229385286,11.768369772245357,strike_slip,32.25525152955911,36.462136199719595,25.12338513102388,811.4379922356047,254.8111841281424,1976,2,37,0,1.8,5.014141264337198,3.1554347228913393,0.027714556727449623
1976-02-06 00:24:31.962886,28.435629950926653,77.13840393896184,56.90554710771906,3.928123559151505,12.31094508557838,Upper_Siwalik,4.047327058585501,2.6444912191208183,2.3485833146925903,22583281370.128647,0.21705913079218286,0.9384819510959607,2184358414588079.5,2.6493427615515146,1.7636447803213255,0.015583082811135107,0.0019873054680028843,103.04798407637713,52.73114496328333,-70.78042827877549,normal,34.86696136354074,54.026206787326274,-58.141155531995935,251.8786567081019,247.68758643543913,1976,2,37,0,1.5304747579880664,5.686898008632765,4.159549266616066,0.0751261457072226
1976-02-07 19:28:25.962886,28.87365758103498,77.247191588166,1.7962242581697523,0.8760820074457862,25.377846897184096,Quaternary_Alluvium,1.7509510026337227,1.0299711780198368,1.6203541278829996,58860320239.23416,0.21694895317181073,0.24570623909787714,47290514615.90543,0.09476084354988894,0.03830191092277036,0.00043431359631651665,5.179745062329078e-05,298.52340938991,87.4950356630745,191.2498852018507,strike_slip,36.527418427014624,44.01343485483069,-30.60787119973397,942.7388385263669,238.64296236559193,1976,2,38,19,1.7000000000000002,3.6033990712172046,1.0498493600256786,0.03791059990217597
1976-02-08 07:08:12.962886,28.77058062576263,77.03121221288252,2.6855993030018657,4.162102055277235,23.04505152621669,Quaternary_Alluvium,2.577499492559232,1.4319441625329066,1.9400179224402594,56579777736.855545,0.16330755217926274,2.7685682409903647,2012009672508577.5,3.420424186399984,1.2932229626350755,0.015161963030092145,0.012118081673588342,194.62944478006082,65.19413853004367,-93.71697489750792,normal,30.92762520553645,36.64301393107572,-71.41696658129547,302.5880276834728,148.33564647095102,1976,2,39,7,1.8,5.670954762013993,4.135753376140288,0.041588598756367175
1976-02-09 16:56:57.962886,28.495481957455816,76.90606729498325,59.86732200954264,1.010393681480636,14.299062640562296,Upper_Siwalik,4.324466663692289,2.602586831379944,2.1650311392782635,59867362322.37135,0.2553605915753691,0.6215957487968428,81787249297.49667,0.10220892783085575,0.051164441222726724,0.0005213234723802722,5.704024405812652e-05,12.101545666317591,82.9040352006323,166.75318798350898,strike_slip,31.623431278575758,31.121225371126286,-28.82323312771848,653.9046646790274,148.2940801223561,1976,2,40,16,1.6616032216682544,3.70966623558918,1.2084570680435527,0.06536348163898009
1976-02-14 14:59:33.962886,28.402634959364907,76.93831919065666,32.048239940069024,4.187195980919763,12.001228460135518,Quaternary_Alluvium,2.6717472641356412,1.4843040356309118,1.9700774787540927,53934319296.55986,0.23552968610313021,1.2395785074885657,5128752756864981.0,4.097330455868026,2.0145289696441,0.020711712058501648,0.011381502257698873,228.10994474948598,65.69267284616836,-106.13791198669418,normal,31.295615746344442,45.56824062149306,-15.002405025324224,312.8114476748039,182.1859124468778,1976,2,45,14,1.8,5.852471920995114,4.406674508947931,0.07691580861502502
1976-02-15 02:21:38.962886,28.791474769232657,76.95874962851052,6.92738386784727,1.4508269933028282,31.041448546167466,Quaternary_Alluvium,2.6392217219286676,1.4662342899603709,1.7225875031048479,99404956693.23633,0.21046110727609335,2.293545426501829,138461963029.83716,0.11714316233176927,0.0634117948367301,0.0006213298808571078,9.079437876186101e-05,139.0615151794616,89.23158522318377,-4.031647526970737,strike_slip,33.550357728251456,35.5545372911541,-1.259790566124618,-582.4877371367186,301.59647833001833,1976,2,46,2,1.8,3.8117942830691405,1.3608869896554339,0.03120957526496135
1976-02-18 09:34:54.962886,28.739241524198356,76.98975890279898,1.3959675363481248,4.110960248044703,25.334879987763987,Quaternary_Alluvium,2.6145051223826146,1.4525028457681193,1.9322025668571237,67933270025.838936,0.22098042505396004,0.2534159258379505,1573872758305030.5,3.1982888944811907,1.1741638957966762,0.013970178377056821,0.002247631693342605,355.4885061468953,77.46977340690863,11.143153295147805,strike_slip,33.85584947833089,25.58581933113357,-68.28506371675186,454.72958624878163,186.8126776700528,1976,2,49,9,1.7999999999999998,5.623313096203611,4.064646412244195,0.03797245328114772
1976-02-18 15:42:39.962886,28.749951633719782,77.16133233407844,15.619789227888031,2.9902311807331468,11.890397653012096,Quaternary_Alluvium,2.9282699077464796,1.6268166154147108,1.7775468362231943,84188316588.8625,0.24544169839065166,6.44476323549711,36848639572074.195,0.8521423463524851,0.36066347107200025,0.0039965559580631485,0.0005487926758869051,353.7395665245202,53.15578238073104,19.54697177334242,oblique,33.169294078665104,40.25058743787173,-2.8632152966526654,133.27572199557972,272.43295141066756,1976,2,49,15,1.8,4.895001584850192,2.9776143057465547,0.07757712577364363
1976-02-22 07:44:21.962886,28.77038078931473,77.14036892628428,12.570137942618192,2.6459902817065326,14.889681812357033,Quaternary_Alluvium,1.9651374951186003,1.214479919884891,1.9190004573114343,75004539285.50424,0.15766331320826615,0.3832116007463027,10745830478970.012,0.6221574664801154,0.21723326980707108,0.0026502819186518603,0.000858437783758376,345.831724469357,74.27006345289952,191.85485453757195,strike_slip,39.773926433554024,55.43776525387234,-27.53148203070837,-563.3429238879852,173.22655092555314,1976,2,53,7,1.6180897377906889,4.655953859996499,2.6208266567111935,0.06293392226534854
1976-02-25 04:03:12.962886,28.43553824275278,77.18812500334408,51.4163369064685,3.411888104737598,17.751270906451897,Upper_Siwalik,3.8843729189808123,2.428001408255857,2.304732273899827,87947908657.6906,0.2909717000759934,0.8585282931507621,123519085616737.8,1.2043481726549563,0.5715716162838397,0.005981224468437255,0.000984482108531348,23.83660389915392,58.46610859393533,87.0165394034081,reverse,35.15524761047575,48.22009629809156,15.947360062487704,-150.07450122743168,186.04191383785385,1976,2,56,4,1.599823173814027,5.1296412170497465,3.3278227120145454,0.053329718555552526
1976-02-26 03:06:17.962886,28.572010299238432,77.02114694224754,1.3400034994558574,4.739924181785883,12.476905764595354,Quaternary_Alluvium,2.578742504422486,1.3099717743085053,1.7014912753358513,77279742054.70546,0.29195445551677845,1.5464327952893255,1.6355246891610126e+16,6.033936474218015,2.9637211269811536,0.0304858129122923,0.013631757387519363,337.50645767289683,71.0966527508099,-105.42124834721652,normal,38.26241954215425,25.182772813043087,-40.495408451088245,420.19142364783687,246.2997492454561,1976,2,57,3,1.968548143553495,6.077433506644898,4.742438069619251,0.07420100855992184
1976-02-26 20:57:05.962886,28.455645429150056,77.25188029735371,37.967347779707865,1.1536419663106088,22.335166916247484,Quaternary_Alluvium,2.1489619637903457,1.2686699570484856,1.9087351410916482,58346785465.87454,0.16876335422883704,1.666273854824936,99204544730.22621,0.11064514381565496,0.05375539052650482,0.0005559758592936614,0.001835589643840763,184.75405441273497,37.89064275456696,40.81472495915378,oblique,37.65491463244087,39.461362718144855,-6.327673325408629,818.4574073713836,202.85571552264236,1976,2,57,20,1.6938699871082525,3.74711743387841,1.2643543789229998,0.04285377531641884
1976-02-27 16:03:56.962886,28.814394938148972,76.94208570670311,9.995292886944046,3.545281586661347,33.94721777976577,Quaternary_Alluvium,2.8057786904214064,1.5587659391230035,1.8701611929666895,46185864307.50821,0.21930945128716894,3.3574524535237935,300811681251325.1,1.6936151425007715,0.7357242483237976,0.008047178675084095,0.0018697691222698662,55.07818349482433,55.53571127814948,119.92820590190951,reverse,38.84156709515937,34.1203890115262,-67.33624752638791,-226.72376038775423,190.3595715284616,1976,2,58,16,1.8,5.302304964642638,3.585529797974086,0.028614581175013993
1976-03-01 14:25:11.962886,28.69920371974472,77.074772299072,10.549372543570993,2.5330671825438684,14.959948153648156,Quaternary_Alluvium,2.307400753832563,1.2775179726725692,1.786703429146676,30429130781.917805,0.32971525813716107,0.2893350950067062,11925073647939.393,0.47436757621811126,0.30539298009105975,0.0027438841346571416,0.0002876744245888629,291.21682346028405,62.73926769273793,-139.79089279438946,oblique,38.97261474342909,66.21009220269889,-8.224882714385755,-89.38546915749662,300.1416803830641,1976,3,61,14,1.806159132936093,4.676152611210944,2.650974046583498,0.06265684514591723
1976-03-01 19:03:06.962886,28.55867361855806,77.24048124465442,1.6639181206436366,2.3422181447301336,11.071962761386825,Quaternary_Alluvium,2.7678985635707276,1.5377214242059598,1.709923605322794,69156598155.00806,0.1923698148867667,1.0377123507863077,3745773592200.8228,0.3758758609613175,0.17809425623552513,0.0018652022032704524,0.00027374044016252147,105.14146770060408,42.82221694082589,80.7696207789119,reverse,32.95837995900845,59.298091698505864,-41.57592986645963,209.90396047551891,165.45593149546585,1976,3,61,19,1.8,4.451515213847229,2.3156943490257156,0.08283657096744723
1976-03-01 20:55:09.962886,28.430596084825293,76.92994400569732,36.1320775617284,2.094371926429066,11.564217970472928,Quaternary_Alluvium,2.255969565723708,1.3835828886580326,1.9546671744553243,81400248659.23636,0.2807640332227491,0.14373925575685964,3435631513698.2446,0.3155795982097444,0.20024520844892563,0.001812233987789884,0.000393624884439186,9.607473532518824,57.124329955642565,61.20867988528345,reverse,35.44053657964708,52.14342834879617,45.504193725927635,374.58721503803247,235.1800436778603,1976,3,61,20,1.6305272233540142,4.434749604706076,2.290671051800114,0.07959110565815496
1976-03-02 02:29:48.962886,28.54932413087411,76.8949857419895,12.650965267855264,3.3329704572622956,17.97133796711123,Quaternary_Alluvium,2.320134804438889,1.4619997576466646,1.9311131176837637,27569563072.7314,0.2854568648930609,0.2691341285040115,143567762169869.5,1.101353379829599,0.6909467818711261,0.006288750848587323,0.0010799550867720675,43.70841107032403,84.94014517605034,152.91072122147114,strike_slip,34.66713834545957,42.49806615326037,-53.35659789421628,85.31437270527364,211.7556441166122,1976,3,62,2,1.5869597736278274,5.158818762499058,3.3713712873120274,0.05271109511272232
1976-03-10 16:51:59.962886,28.556217176571863,77.28191431134985,1.4539602012036217,1.263342599051452,13.827221072799645,Quaternary_Alluvium,2.735133835092689,1.519518797273716,1.6829812924557646,82949017899.23724,0.2115655578518668,0.2788086769281306,85820212947.58354,0.10913977074476691,0.04947775905645398,0.0005297552563297582,0.00036532514446673513,107.05438514682852,71.2231400389048,-133.90400737805163,oblique,35.440589628369246,47.440060631428,-35.35388040955941,-292.6366949355731,170.62478008918418,1976,3,70,16,1.8,3.7190033492273606,1.222393058548299,0.06744352128359964
1976-03-10 19:59:17.962886,28.750375931791588,77.01148045218595,3.7901021532035992,4.4722430185144155,23.699929032175966,Quaternary_Alluvium,2.7837002343654733,1.4178736577916742,1.869596994328133,43698938630.04401,0.21001842183876085,3.036879915865665,5295850163792479.0,3.9422851088642283,2.1389916857286084,0.0209342452772926,0.004023782898815405,192.52142103127898,47.00499712371327,82.82997890699474,oblique,36.05878502987039,45.32074327557187,-20.389810360507706,-163.89384481210757,193.25785727376442,1976,3,70,19,1.9632921586970324,5.858691274443558,4.415957126035161,0.04048594628338104
1976-03-11 17:44:36.962886,28.70585518336002,77.18205587025676,33.802424128314456,2.1338397622933614,6.5343394824581855,Quaternary_Alluvium,2.7025637291240514,1.5014242939578062,1.8454905528844683,82805444585.62648,0.175959960162668,0.6229815204888599,1635421085963.005,0.33866824863597106,0.11375711780569767,0.0014149962088105988,0.0002020747553349549,216.87386110350766,63.37068818884537,135.3851388855927,oblique,36.44668808016549,33.96135809787858,-24.566328530168143,132.47430059843603,224.86443642696457,1976,3,71,17,1.8000000000000003,4.290754551512363,2.0757530619587508,0.13272563604656368
1976-03-12 05:18:25.962886,28.82581738048632,76.85258719300074,33.99701271178755,2.936851654814781,43.21345965317414,Quaternary_Alluvium,2.4065990039658436,1.3369994466476909,1.79970186001613,86901471863.34702,0.2596916284073787,0.15973664823067443,38434379790809.6,0.8752156788989577,0.36115876760690213,0.004053081820702476,0.0008953079399982641,12.505601752539505,68.67176790060176,-79.35576130477051,oblique,36.83456500771955,28.858317354943146,-60.37641244280135,5.348603562615219,267.5461059260583,1976,3,72,5,1.8,4.903174878538077,2.989813251549368,0.0226175469606846
1976-03-13 16:22:12.962886,28.626591380809828,77.1850635780792,33.68990686362512,2.553979731402102,3.077934398317533,Quaternary_Alluvium,2.818248606095765,1.565693670053203,1.646858501775677,84411789848.35329,0.20886477084652455,7.436688049573141,5750512717364.222,0.4087675855623407,0.21793547480630757,0.0021516961098986,0.0014930434177708386,177.5966369438476,31.5154535391073,62.18470370895706,reverse,34.97577039056489,30.002851890914407,-20.629398722433532,-1210.1087357298527,194.09173550860496,1976,3,73,16,1.8,4.534668933812349,2.4398043788244017,0.245222189060368
1976-03-16 12:19:06.962886,28.457318368992688,76.99793601438847,10.816499008066337,3.0269165542659575,3.5580536828283673,Quaternary_Alluvium,2.798407945396441,1.5546710807758006,1.660552142190098,27444264247.498432,0.33878532761977587,3.0620961098467343,86494963128062.22,1.0339577742552695,0.5249981128002771,0.005311400105949423,0.0006498820101877923,322.2786552201351,35.327047044289536,92.10223737939268,reverse,34.570036794306944,37.462225414423884,26.59837563077479,26.75732628983363,266.50429023956826,1976,3,76,12,1.8,5.06052256531822,3.224660545251075,0.21939188732403853
1976-03-16 17:37:27.962886,28.742493544616412,76.8680592163945,23.95796112790833,3.4111059241092256,36.140985524852695,Quaternary_Alluvium,2.9934344938649167,1.663019163258287,1.9325372258790192,34666281742.79063,0.21688236612480646,2.3591345703782522,215731139602417.88,1.3663482708134438,0.7306574445204607,0.007203048812214237,0.0018943992092852258,346.94407678618535,82.51751945373148,193.34648419491455,strike_slip,34.979706219030525,34.44369851085247,-30.791260939360797,-1043.925101557441,218.8233919467825,1976,3,76,17,1.8,5.237814400814776,3.48927522509668,0.026924433637628038
1976-03-29 00:05:20.962886,28.765179386718916,77.14479046373957,1.602788511951988,4.296354365104966,14.171969290478637,Quaternary_Alluvium,2.604723007546365,1.4470683375257585,1.9403782196894697,82128276958.22206,0.3321398272480447,2.019610719813893,2892205604587705.0,3.530767904642787,1.5956964253111243,0.017111515160952297,0.0020058966015309536,150.90427850292804,55.51215453172027,118.80053061644367,reverse,33.11649537646505,46.079925471612825,-38.09109789233499,-1160.6972400454142,238.79300624535486,1976,3,89,0,1.8,5.741349026304363,4.240819442245318,0.06591102188873811
1976-03-31 02:15:09.962886,28.669203372545905,76.96053770650347,3.9462025069259594,1.5774644664541113,24.494991978313344,Quaternary_Alluvium,2.2779147406680798,1.1758561278111248,1.827499448070898,74725470191.71507,0.27732408305339284,3.3585420857474193,442264767086.348,0.21672174262203714,0.074339404482444,0.0009150388348659213,0.00015103150485148674,150.66344857364763,51.526294107638265,-101.28886730392492,normal,32.41160426294367,55.80606707764485,-12.014725828863444,196.23494604723075,312.03084200840055,1976,3,91,2,1.9372393329347655,4.037071446443878,1.697121561856535,0.03922338947392587
1976-03-31 16:19:10.962886,28.770037643836055,77.03327751566988,29.56937491132072,3.8470511404071623,22.79416195614418,Quaternary_Alluvium,2.4846708821777703,1.3803727123209835,1.883209786745238,25882618533.833847,0.34144783303133974,0.27088220544625535,658104749367939.1,2.491116495702196,0.8429516125211172,0.01044665102014887,0.0010942005932453086,234.72458853517082,76.31457545321294,6.709437065975713,strike_slip,34.88944988541534,41.55050684785525,-74.80730911897945,379.01368938023546,157.5806093936474,1976,3,91,16,1.8,5.4541717778332135,3.812196683333154,0.04202711580442016
1976-04-01 23:04:57.962886,28.637133670722875,76.88033616664553,16.405395063136908,3.104313010088871,25.734222071175317,Quaternary_Alluvium,2.6789200427581075,1.488288912643393,1.9778037772645285,84382000782.18568,0.2945257001478788,1.7346291520412298,30231137313983.695,0.7566220413100363,0.3559786911666442,0.0037413663906708207,0.0004965702529517543,341.3621999841554,45.294326908290806,-84.72929421284033,normal,27.67501891643398,48.712980045681434,6.625119861929932,66.10834632032454,225.0339870380493,1976,4,92,23,1.8,4.856603003706796,2.9203029906071594,0.037405240269856
1976-04-05 11:30:51.962886,28.65098548389731,76.91349298662806,137.3786009792391,3.5048652485643084,24.82048790773857,Upper_Siwalik,4.7289524788118005,2.4955055822222367,2.24266950777686,44887934945.21982,0.30420583611610386,5.685937199928443,329511687375583.06,1.9491673063525377,0.6793049258003078,0.008295368559777186,0.0035769691030182963,134.11388694967073,42.20122412915373,82.54856816528687,reverse,34.16774770571107,33.1913406019919,21.557121388244163,-23.0896063296342,201.83682304316415,1976,4,96,11,1.8949877381563254,5.3199823009829075,3.6119138820640395,0.038728935083379795
1976-04-05 11:33:24.962886,28.60511375394306,76.98897295429369,6.186131163169964,2.059236049652325,16.749856413836568,Quaternary_Alluvium,2.7141312750984294,1.5078507083880164,1.8022507349351007,71751673351.4216,0.33385515155024026,0.5597586782991223,894079094414.5798,0.2123027729762781,0.12132816430402031,0.0011570107445066917,0.0003577205115092811,145.00617865723774,49.35053043767515,60.27528176578326,reverse,35.70175097699252,49.35573982875428,-42.699808743051676,74.36385348220364,214.44456668612543,1976,4,96,11,1.8,4.173614586629219,1.9009172934764464,0.05633848391136667
1976-04-06 10:42:06.962886,28.412096477843882,76.88486600260707,20.957305146354873,1.5001012847973159,16.959628209282403,Quaternary_Alluvium,3.0131976017772955,1.673998667654053,1.9348870470548738,90401762272.85313,0.17420608245865132,1.1074481256496145,165722935106.21136,0.14721808892176091,0.056880128462024816,0.0006596895695356274,0.00031890587021690903,161.3930831781363,70.34229171744327,157.1364796112302,strike_slip,38.52479972788412,48.628939804700046,-12.66313276332389,368.46554600673977,187.55721312080655,1976,4,97,10,1.8,3.8466575686813034,1.4129217443004525,0.0556804399482586
1976-04-07 02:29:45.962886,28.451686290396104,77.29548368415858,3.013261126175844,1.3208534013777262,24.417908159158557,Quaternary_Alluvium,2.114297544160288,1.1746097467557155,1.8151137381663636,50239858599.98588,0.344072929234817,4.118138121397871,142773727556.72427,0.14818934722780214,0.051162121792592136,0.0006277135613064792,0.00022874017891024757,244.2022663396707,73.33352750202388,15.167145434227955,strike_slip,29.133204335802283,52.2603879311036,-52.30769356053037,218.7491482042275,200.4708843675715,1976,4,98,2,1.8,3.817742906568798,1.3697655321922362,0.03934234059460479
